"","V1","V2","V3","V4","V5","V6","V7","V8","V9","V10","V11","V12","V13","V14","V15","V16","V17","V18","V19","V20"
"1",97.9020000907477,94.8180339830459,71.8315751386214,103.742013842444,81.4757361862594,91.0378614629896,79.2467890407024,82.4347290322976,83.1855199246723,86.9170644029916,82.89517541923,91.424777923056,97.3672329534253,82.2571747385994,96.4126874619527,90.9929835470573,85.3592136014328,105.224627027235,87.4092752679656,82.6703534965359
"2",96.9030002127823,88.8712363455858,94.4593352272581,82.2186447489467,85.7014498367798,87.3302087115713,91.5539562136488,78.4660829341541,86.7039282263692,87.046837041697,90.9423810944334,94.5173878018197,77.7716181858854,94.2528280513171,84.2486079105552,87.2772607053555,103.628826879502,76.7144773810305,90.3073698995829,89.9399132153165
"3",96.9030002905102,92.5769946709363,91.2948934598185,87.1317087984819,93.1259579432742,90.4091341619754,88.8258875186957,81.3838351161072,86.6287475024189,91.265872813458,88.7032980642758,87.2417932626265,83.8853359225459,92.6502256115642,85.1297585813436,89.860997743832,93.6658564559018,94.4005341681266,81.3140026307513,82.9545891583612
"4",89.9100003339562,87.4581586743094,89.6961194766142,88.4220539578739,91.8458619904406,90.9240488988329,83.8811581642132,89.3655402307367,85.3167332372029,87.6572592858194,90.7760637407605,83.5930494571353,92.2441636428891,88.4777304310104,87.0073198238522,93.0426035406005,94.9165577525407,82.0284638919806,84.4358625272858,78.6038600362541
"5",88.9110003563181,89.8728717663017,84.0848658821856,89.04549958817,94.7016974979887,88.4835562128787,89.5448877480559,90.8539164217928,81.4593329622485,88.6074469520927,92.2262922383305,86.9449447158126,90.4233072488616,88.8065107393236,76.0152890150334,92.4285435029934,94.0547527389319,86.1835007346073,87.4680345533079,87.0586499672876
"6",92.9070003737262,89.4060345841424,88.9464900590394,88.4197823498719,94.9385630600427,89.4149186499847,91.7212870571063,83.9430855456435,90.9793215004197,89.3832067910489,82.4974403301386,79.7839838085148,86.8422738097602,76.2880622327908,92.9187977998361,90.126619741987,96.8103929942876,86.8729576398592,84.8314799156776,85.5162344105013
"7",92.9070003875477,86.8670462003557,78.215199673031,94.452625788011,85.280802780382,90.0617294466974,90.937288031245,83.222614047129,90.7903189787894,83.3807010467175,75.2601924868423,84.3237302465845,78.4731132797163,91.9089264861578,87.0296233199114,94.6341020529783,99.2161751238672,83.1127695920737,81.7105163072066,86.9742824883537
"8",90.9090003945739,78.6654269423719,99.5244813927427,87.1237168360984,95.6904893364616,85.0196303679201,90.1585941662082,87.961172584369,91.168159964659,78.1691472756409,90.8778741073172,83.1334417393329,86.4741382498685,88.3307180024344,87.5924290131837,96.9587280972784,92.9530634333076,85.7395042853858,94.8978855279963,90.8392787368677
"9",92.9070003996193,90.9731002118327,88.8442613295248,89.1457701076703,89.9064262259663,94.9743842158769,90.9245903944059,90.7750448618182,86.8016761815582,89.2822056713998,84.5681041388789,83.9262274944757,94.3682353136925,83.4492045544655,94.2474626806089,93.8803946688182,91.7755726634429,92.6507256416106,88.9658972788385,89.9453737293207
"10",92.9070004041799,86.7650503473,94.4664366552159,85.7215909339075,93.1777037734173,95.5296017498665,86.2974776631173,90.2421239958593,83.4356521233124,89.6239754064655,74.7513068513087,87.5419543132789,85.6505968012364,83.8241328492473,91.8221881503897,86.6008064241812,96.1941033811677,88.9162071159792,88.3519935559516,87.7109860029609
"11",89.9100004043314,86.1612319705182,86.3437529679269,88.5138345270414,90.0870772055961,87.7367119626147,92.8754473210279,79.0973142594508,87.5738844716835,82.1776513372985,87.4560314199495,91.1843253157508,85.7301721964818,87.0844165759238,89.7354591810306,94.636104929315,96.8493093181151,84.7365325374192,79.9120025770941,89.1983071435684
"12",90.9090004033751,87.0052713102958,92.7994655105085,79.7949426470849,86.3776625767959,89.2932507585463,85.56826209151,77.3191018985161,90.0119692086132,84.5571207322004,90.6619833017957,87.3857629566218,89.782197300573,91.0023882854859,94.7088833034734,91.3083716423751,91.3424810354735,77.2682788161225,90.5428801727737,94.6787578433917
"13",92.9070004052726,91.1377139489216,84.2727553451458,82.0369947634291,83.7085231064471,89.1189701842919,77.0918522981425,88.3461053697379,88.8611639144165,89.1668827981923,87.233717410284,88.4055182938565,90.0634978793667,83.0077272740722,83.6935121520024,94.451994473926,89.4563216528298,92.560440225961,79.891695588244,90.8177645348668
"14",92.9070004078113,88.1691971748856,91.5272825198978,76.776657073886,93.0367622403561,89.5852782210787,79.7500839117838,91.1241026852837,86.7085842599871,86.167298656921,91.7415402511309,87.6317147794848,83.028087923263,87.4222408425793,93.9719621624745,95.0199026825809,85.5389828723718,81.344181804818,92.6586107784202,92.0039784683526
"15",81.9180003992561,80.1921316415745,88.7783019138117,87.4208251676127,88.7057277209955,85.4405186732016,86.3910238561247,87.9669388877815,90.7757196772865,81.4848246764975,86.5211087402154,86.2672183856646,83.8929811345288,89.7450352376395,90.0912501639422,93.0309254108763,80.2903549421831,87.0262299663751,89.0386754337959,85.8695667298134
"16",90.9090003948358,97.484543825975,91.1446040221115,80.1586529897094,93.9876224641637,85.7102893072199,90.0810755277197,89.6602606681129,86.2743008940274,84.1637056224494,89.7879219267168,84.2337379806187,91.4711483421952,88.9515077711741,93.4661262946551,79.1590468374394,92.0554069615867,89.3638321141655,86.8022212413333,85.1307811334991
"17",95.9040004025655,95.5779394488029,86.1608659984223,89.7378533235891,86.4321220651942,85.1075917705185,92.9710748616489,89.6802214829211,85.2825987201499,84.696775399775,92.932950956726,89.9032441184216,90.7661900865102,88.7105867555882,87.066969144065,84.8107975714407,91.4927973261513,89.6344280145941,88.1831507217652,89.3984661745686
"18",94.9050004099041,90.0754569849707,89.8922217073042,85.3576181105832,93.0784005619492,94.5537979897419,91.855942890586,89.6789222901443,85.3471457996883,90.4918015373331,92.5737375221972,90.3718369139119,88.1776131665625,89.9537499250884,81.3532977959331,83.1424889719958,92.9521597792618,91.8041944591915,83.646188053559,86.7308172217051
"19",95.9040004148841,92.0759413220519,90.3567888897737,92.5375244849701,94.6786795016377,93.7923415387345,93.2861802926936,89.6790068509143,87.465236215678,85.8950201516375,90.9547743324462,93.3413375389601,88.7609573586926,85.3435660136169,80.7495225448499,94.2353090016279,96.5724872744628,86.8332483839836,86.6811374294571,91.7663898761216
"20",98.9010004215208,94.3033921023963,94.1562736667856,86.208261803087,98.0544701174722,92.3297335281286,88.9084034547925,87.6790013470938,85.2050841205488,91.4138111876674,93.8247830257711,87.5136005204639,88.072763047689,86.5864253576565,89.0255210456822,93.5540578953017,88.7102725031641,83.563771501249,82.6788626737842,79.8041780938058
"21",90.9090004203556,84.9388140703666,89.4369104787246,90.6044501037671,95.8426322093077,84.9449823023008,86.705509572394,93.0938627734413,89.181913141189,89.4852352540012,92.5156907042998,88.4050804304898,91.5245340092681,86.993362121227,91.9096035837054,93.8337636213208,87.1970181249302,91.443253942863,80.1418580608754,93.7787159250976
"22",94.9050004180319,93.9796443188915,85.3864238052352,88.3183146859126,92.7420112560616,90.157403431135,94.6056419362133,86.8794818571235,85.9881597900028,89.6758479487233,92.9585524350565,86.3470565336234,85.0072985693347,86.1542545260478,89.2748049496997,93.5959587859047,92.8977513888033,92.7837710953747,81.9092243215954,90.0150926891282
"23",90.9090004154749,83.2846761807055,90.4469142801976,92.4592300302409,96.4237701023628,81.0134032198448,92.3346924913227,85.7310401594778,83.1230622478393,94.3708720435401,90.8725233813783,77.8136804740703,90.8055989306922,81.7210387071985,94.4384137930823,96.3839545231768,92.7791727674157,90.0699427080108,82.7863087475816,93.9102823358325
"24",92.9070004130449,90.672446390938,90.6053722698511,92.3198839274942,88.5325733180942,84.5119421935679,83.1406109587346,81.5533230445575,90.3509823133441,93.4959127618044,86.4711444209635,84.7031021647311,89.9640212307051,88.3435926061493,94.5901601008382,90.5029439811349,95.4864385265594,88.2544608153029,88.9087178547806,86.6153164991727
"25",83.9160004044698,80.6143411876372,90.9527153165171,87.3289535697863,83.5090362472206,76.2513658809202,84.1782267954883,80.8173560722689,92.6530552083709,85.5607440986647,90.1073915907586,88.1494985603237,87.5145108055653,88.9776365325578,93.8156483896485,93.8127523817102,93.3102302829052,90.7874864465501,89.5181103453249,90.8547600933787
"26",83.9160003930226,87.7575155919728,86.7506117006762,91.4506548546929,82.1686770225165,86.870565885247,89.2730864689257,86.2071492592805,89.9739498685937,89.3461430064252,91.2934623729255,92.2828390290024,88.3813730202307,87.7088861086765,95.2888029473831,91.5401219071583,99.4439907794945,92.1025672278446,85.2588471342259,90.2290528369145
"27",81.9180003838176,85.2925866463048,90.4389757654258,83.3125593405346,85.9232441930986,91.9275718960512,88.5022773472904,89.693947776769,86.806434044648,88.7993099496867,91.4687303175449,90.8020947675733,89.9100903511582,93.4910132856671,91.9082327536432,92.5177631100951,96.4753882292391,88.8946807504846,84.1705311384405,93.3348655076469
"28",78.9210003738071,85.152569687796,83.2547796002971,96.980991858043,89.9234532777107,92.1592265618686,83.3900519821002,89.5399718408703,86.8903070564153,94.3470708107553,92.1568704377944,92.7360770654723,89.0058519638334,92.7727798545218,90.9980901487876,90.738817964388,91.9611756087591,86.9160942120028,92.9330316298765,89.9131173931401
"29",89.9100003755832,98.0887131114686,87.3818228087303,91.9526054029189,91.7853826252171,83.9725354951494,93.9917135235578,89.6801680204497,88.1373139253075,87.3594048727166,87.1041986298666,86.2604257407034,89.8293412485238,89.185066978063,85.5773805178796,93.9519124358422,97.8243663848659,86.8745969297882,88.3784707869492,84.835377078502
"30",90.9090003849089,89.7660980896207,88.1053225601631,92.6375454315711,94.2493338609788,87.3272233940984,90.0899646039138,85.9636125150098,83.2836320923094,86.1468852207714,83.3923136334801,88.4787632989566,95.3529988795535,85.2312022617565,88.3292947475307,94.2956993489941,96.3934262200945,90.8043279878145,87.0154699515584,91.5971892288713
"31",86.913000387855,84.9580195703943,73.4080059216379,90.7803433929835,92.1047277105907,87.3935630262254,86.22162676375,87.3028205448472,91.5837790239907,82.4039652677203,92.8456265545244,94.871530674368,88.3669017523407,82.6509432360111,93.7846411134437,95.7532714642673,95.9743930040794,84.0935883389333,75.949671384868,91.5798258584088
"32",85.9140003861819,75.5214486995526,89.8123843680394,94.8854579603929,87.2521967582227,86.6167274723292,86.1729537067043,91.7606906866381,85.1816030640505,87.249821134924,88.4985686165873,92.1135524060175,90.6914326612504,87.2258633192228,95.5025379858393,96.6584022326213,85.342222414201,88.5948129741416,90.8007770629479,86.2311820842738
"33",89.9100003881513,86.4374359560967,87.6059229584212,88.4959761034413,86.4950643416587,79.5449978912955,90.225443417725,84.7137883188739,88.8751065489744,83.8772136908596,94.7736235577928,93.0655790784947,89.9628793315149,92.1154735206421,87.528781998457,80.4199937972633,98.4905402855647,94.3997945424026,84.5080350051688,89.3189614793896
"34",83.9160003864999,79.9872939771714,86.3504396419754,91.3589312289952,79.9342213889417,86.2169935593926,88.5468172973591,86.4571379364142,87.9272763571379,88.5687926450158,93.7958245532035,95.0036143647231,94.1325904019186,84.625609349777,90.4126649687858,100.722178850559,98.9601894044222,87.2251089748958,84.7552165807149,94.7281092358439
"35",90.9090003879618,94.090897780788,86.2776430651668,88.350750190964,86.6952564987391,87.8557021821837,90.656074306732,86.3436682583287,86.6963984679561,89.0359487835436,96.9896410378916,96.0076474720548,94.8690784649195,90.7074604595739,93.388001876656,97.969450806932,82.7501252335097,83.1963752218509,90.211193742402,93.8066696720214
"36",92.9070003953721,91.3839611689195,86.0548988832642,91.9692879448838,90.4425786783934,89.594530867251,91.2341020099999,86.9361926094707,90.0611995610453,90.1278345186946,92.5621650049344,95.4222460366661,91.894112429712,92.7264711023688,94.0319504998887,85.7324215352038,97.561299030372,92.3698587423513,87.9862539987832,93.7042484147467
"37",87.9120003968218,84.5680307101429,85.5414621786134,89.5792551715763,93.0362809715758,88.9691863942294,87.3266541505076,91.0278012043172,85.8500769297224,82.5768185459187,91.3625059020703,89.0376043655114,95.4375184310968,93.9527160580443,89.5751766437395,95.5953176553382,88.6537962735221,84.4308915532153,88.7083252222607,95.9383970281118
"38",90.9090003972315,88.3936550030376,87.4368232725527,91.7920200613442,91.5827775064247,86.1801661546912,94.9800744668701,76.7772554565525,85.1642704892565,82.5074919092468,81.773261314555,103.364427245127,95.3370625154443,86.4659249072672,93.7922855211441,90.8310781406564,88.3308683253835,85.5169898829862,88.7836192581121,91.9139387803917
"39",83.9160003929924,79.2176258594298,83.313459598955,88.6479974756307,91.6773819211832,87.7765566335325,88.1229429770675,85.5430778227626,81.8019293364718,81.1944510966025,93.9109025334757,96.2931880301826,94.5138787696099,86.9374534503283,91.8182580613669,94.4258557124572,87.9370257207733,93.3161245026311,89.1856969303658,85.248849226542
"40",89.9100003912062,87.4815490213023,77.0289195243598,86.7796630991039,89.6712243883624,94.087513176759,86.2845674565382,83.972535326845,84.7282051121179,84.0524308915613,94.1287806401814,97.8106393595722,93.4530485816247,89.1835670202501,93.7192596009685,94.6146256330456,89.9797607178853,81.5474623854225,93.5494042834004,90.7240999857615
"41",88.9110003930922,77.1375997469997,86.1046438708365,93.0557801025517,93.6236389031135,88.757603532169,87.3391349394298,88.1319619205912,85.6679164511267,75.7040179561537,89.4801389208884,101.476507734599,90.8876343556034,90.3871477702382,93.6606159682603,91.8377041599886,92.9441128767314,88.127407891782,89.7038921887358,88.7175053620455
"42",87.9120003927178,82.4052151543831,90.554679796975,89.7281380647134,99.3013002998403,84.4542861285508,86.0430138309186,88.2839804391046,75.5975351283434,87.6136217420757,95.7748230943729,92.5955633951103,88.054609885614,93.3088101156008,95.6644329158525,95.8481682325816,88.4743675847139,87.0489118226648,87.1895506806905,88.4825695621359
"43",85.9140003899654,84.949287596606,89.1184098886512,89.5469646711876,92.8331139958485,87.1735760106465,88.11949195402,87.5094510104894,80.1320315198726,83.171777965444,88.1363022062946,92.1900542318944,82.2883251266861,85.606478357119,85.9567539475085,94.2373646032179,88.9927729227952,91.4037948156238,85.2309104302795,93.3025993820222
"44",83.9160003850256,85.4832489559874,85.0974837387296,95.5429912915186,90.9694231372007,86.99658515096,84.3992009552165,84.1528845851621,86.3490630705721,82.4530022478393,83.161406340049,84.7115158219781,94.1350562212787,84.2373300695815,96.3696895693396,96.0496377732262,90.4389796204463,92.1933177252856,87.8955454348519,85.0697299258398
"45",85.9140003823848,88.7331816717981,85.7740554764971,87.1606096593949,92.7330688576523,83.4709523133276,93.8530609990975,86.6159371704882,81.9680622964465,88.0119543686423,86.6476033336432,100.199608117467,85.9405523957044,90.1561661815112,93.8299981907353,88.2893386841784,91.4671417337516,86.5074692683894,79.5347331423385,88.4675269858677
"46",88.9110003847862,89.5295354972154,83.1277795107576,94.267685855827,86.9759347912665,92.9450089515335,84.9688147801895,88.1551718823801,85.5056751264611,87.2681432276322,90.0959063810132,93.6300413836072,92.2385443642587,90.8438958219602,89.0432857552042,93.5834075981242,83.9202733506412,81.5599919184544,74.6404054516803,90.3114611814082
"47",89.9100003892345,89.2581035036106,87.0725357974263,92.9832670242844,94.09951983911,89.9943610321419,92.7666647321895,91.4047613707527,80.6330785763422,90.7314168516026,84.8793488445074,99.8222708092666,91.0238874284179,87.8721033340752,88.0622698145481,88.351905102867,88.1432462250713,82.7347339528042,76.797258142298,89.9067579935062
"48",90.9090003936777,91.755718471059,87.7184748264895,88.4974927099002,98.7581575109123,94.503963416404,90.819925645795,88.078845933572,87.9344566132713,89.0990238546406,90.26820148719,93.7847755208956,91.0378588390653,86.2930111760938,88.4108081026442,91.1072698187159,92.8282813668505,70.5596298885153,80.2183654924145,90.2907556026791
"49",90.9090003971916,90.9508124297991,84.2615714204746,95.1964373744198,99.9427709588593,95.6331899866911,91.0117205285718,91.7752685583312,87.9470615923045,88.6280154701592,87.1528213902533,98.1047690694256,86.3295189455446,87.3307026408963,90.7378966414346,93.7004486460463,90.4089368466204,73.2140158091015,92.3454692324846,88.9159883816479
"50",89.9100003985228,88.588340411269,87.8935497980317,97.2482530316483,99.9958421550472,94.2750050894102,88.4140982121836,88.9574226909432,87.3038977974261,91.6586720689418,87.7704537058361,93.7091840703249,87.9127754488806,91.32824941044,93.3589507494623,92.661840319921,91.2817183689567,77.8229852386958,89.490373374685,85.2980375437108
"51",88.9110003977919,88.384450381535,88.7794462370328,84.1876760569067,90.9923879015306,87.5336833529101,88.7376824975437,92.425515025105,86.4680511053852,87.8269545817073,91.3725971441445,97.5804191528726,92.9241346585562,89.9135480161274,89.1962364982616,95.7866448284574,84.8179331497452,82.9871832891584,86.3421949948013,91.1679803459296
"52",89.9100003975886,89.3326338431595,75.5823932503622,90.736654231338,96.5297653993857,79.8343998056412,92.7738257555997,88.7928083919747,88.7420535776664,84.8409851713239,94.7482664050563,92.8241651210971,94.9556161398332,83.5907658461158,91.4592930321593,92.8186251980427,88.1656726998442,88.0659213648155,87.3847058464374,91.1514617790637
"53",90.9090003990439,85.3839926963541,80.8325648749945,91.5135440365795,87.810361130225,87.1738191110627,93.2264379024321,87.7366814893006,83.7071186346,92.3042547480879,90.8290058614795,93.5407145426616,94.3592099885869,84.2140146531263,88.3119971060829,94.7192357050844,94.1351565987961,81.1659872292439,93.439143376464,90.932937342035
"54",90.9090004006385,82.8763635656844,86.5401678265232,89.5359483666504,86.6704518699043,90.7533215822004,88.4974308492757,93.0901085367109,87.4496893264363,89.8263744367178,83.6041511757831,97.9582591627628,83.0640199070233,79.9781876729161,87.1513063160487,95.7829091257547,82.3475242097409,91.0141799831058,93.1831342670026,92.4271087069634
"55",90.9090004016629,84.4544390958455,85.8839894063672,89.9572339213158,78.8018497687035,91.8207941135531,97.9196373764025,89.5871567437955,84.9214092782945,88.7430694283316,85.2210261608079,90.0684938909115,81.8235298670869,84.9935369816601,94.0887953411667,89.1114378102681,90.798530114273,87.2186766488075,85.9151104281073,83.7927046637462
"56",83.9160003958389,78.059157173292,87.9917853586515,84.2131649272174,90.5671506063069,92.7190945365303,89.6797947676236,88.3924101439082,86.8506028248244,80.4716874905154,82.5707529664592,93.0290982053675,86.3684526306556,79.9925379387231,89.3032454076314,91.1801255929137,90.1912736875435,83.505818728039,84.7050730345388,84.9812714450348
"57",87.9120003911826,88.3866725962344,90.9847692260975,85.7172043964043,95.5166938255993,88.5383351096569,91.7282717837284,86.0474290198767,84.8302277951953,87.5143345912272,84.8004561665369,93.8442835950481,81.1778272110703,89.2371861679504,91.2649493623283,94.1026850178299,92.2386810054495,87.9749604155601,83.2387955426857,85.9361318269942
"58",83.9160003871273,83.2674020444574,92.5703648181306,87.9289811024357,88.2832774306703,90.8025661528176,88.8303072546267,84.8345178367582,88.1491070346798,86.4865751917957,88.7776227164641,90.449334306111,82.337509701418,84.5460529950789,82.917668036581,95.0998426842508,89.0732002547274,84.4723598059727,88.7490924507025,88.0041569980903
"59",85.9140003837348,90.2922659256089,89.1252717159416,89.3622790458819,91.3964233442437,92.6551937812671,76.1892054036777,86.1902668071533,89.7056083012099,88.6836434567709,87.2340734898224,89.840579782482,82.7091111480058,87.8264019167591,79.2499419581569,90.8475617585219,91.8486059018243,77.5300562737129,91.2359304438373,88.8774378306148
"60",87.9120003847274,90.5503507308135,91.0569335810819,93.0415074467245,92.3239718364081,84.1756194218964,87.0205514988323,88.0941422341858,88.3768177474671,84.255955774665,87.7493997957197,88.5955151413225,87.9295078690011,81.0993888088465,94.2125497501748,89.4090173989688,82.593657285682,93.2350669667743,92.6269873296747,86.4787072742077
"61",83.9160003829808,85.9562965124472,92.4111554229335,91.5824373299927,91.6212569653389,84.264683517866,78.1038530635506,82.5553633186956,86.6257000957871,86.763740981503,88.3582020418017,87.3839833987434,89.0696752942011,87.391936754267,77.0506073800693,91.0148172176037,85.72530557032,83.7736732323211,86.959191174423,80.5776293966049
"62",81.9180003773674,86.8246839512956,89.3230129672234,89.6774040623016,81.8372725453928,82.2911074086605,80.0662103811642,83.7778096726403,89.0894492797973,84.9581729881978,86.9037157635778,80.7475253060645,85.9954650328747,81.0303589315595,83.3714636366137,92.1456652907404,85.2039223860559,93.706396059346,90.7100866646801,79.579073557245
"63",79.9200003705898,83.9305582209818,90.0361804435318,82.1340702769613,90.26305739327,75.7693357822198,76.5887122069049,92.0480180160239,86.5793169321615,80.7180356563267,81.3389398743717,89.1959289040467,85.4151562362571,75.086759347192,77.7897791809455,91.917549177416,93.3200457989592,91.4011045737223,89.2463519405263,87.0760286904401
"64",72.9270003584346,78.4036153950691,90.160040260595,85.0241400877285,84.485829211452,81.9177052977133,78.0517531757074,86.305899487978,81.8478850239002,82.2057310224367,88.2382880116111,85.0194683637738,80.785599895342,78.3105707086848,90.999252693122,94.4123448373284,93.2796213141354,88.2664627077772,84.0490528129515,88.0680213906301
"65",86.9130003589714,99.3820436247231,88.1026568567834,81.8853553671425,77.3496835454723,77.6956859627318,79.1682448547711,90.2647766157721,83.0256661736045,86.5158795012231,85.5696294415884,82.9415284187712,89.5589900853286,78.483382226123,87.3505124835261,95.3150528308214,90.2250479884152,81.5105911898972,94.2413904960003,92.1257470037379
"66",83.9160003657768,87.438671131398,69.9998656190653,94.6340398247144,92.0179891528974,80.9132807762979,91.9174149960004,93.5028182120446,83.0140949032044,85.8855702645182,83.6782376914024,90.2562716744034,87.3613770902607,82.4642516941854,91.6530857882602,85.9065242232409,73.2364827320745,80.7642683850166,90.138800999976,79.869523882282
"67",86.9130003709464,84.6538950546556,88.0828423293703,92.8206751037698,91.8193330942293,77.1515840726821,99.1934439239686,87.4380030403306,80.7222785784092,85.8693908629026,83.2083213590065,84.9754372833483,84.9922444325589,86.750183591352,83.1442257419966,82.0461876137638,76.3179265384598,93.2441608644598,83.9738649369948,96.2129719837157
"68",88.9110003780988,84.9081181070983,88.6133032381171,92.4186500958038,85.6606497311244,72.6173572754687,89.5239164328763,84.9951397877679,73.2133375834771,78.7560350528444,82.2711276992101,89.1160075988892,84.5534228997596,83.5441943321204,86.4054738239595,85.2402415253678,80.0614951254426,87.2931331067273,88.3271368645023,89.1156670595738
"69",88.9110003840129,84.3143152392576,90.5215726025949,94.7295035075642,70.4500429388316,81.1327667477068,89.0231042072195,75.6570896932667,80.6455587347307,86.1460533088871,85.7469880424095,79.7321007487286,87.4439275039593,87.8100675134542,87.4456743685525,80.6983411575827,75.7448669900008,93.9730380773499,90.1009991922509,85.8780626780309
"70",88.9110003878117,87.1826863185002,90.5354258100777,89.3996005755086,74.6517750223024,88.8710923821979,86.575752423819,78.6067680535801,88.414282481604,70.8682022025196,82.6989147435011,87.2620200061881,90.0283104595531,86.5402966576121,91.7277445743597,78.1070339833487,88.8318980363856,85.0418584158003,92.2781129944089,80.7311325298165
"71",90.9090003921039,90.4108532547944,84.5424068649204,80.3888522009309,66.745171014197,86.8789058447729,86.669956443074,87.3017084387379,75.8579811263304,92.6279190762193,84.7349100395661,86.2597498858941,90.2828440976923,86.1028906679647,87.9368677297767,78.8207302029549,90.5810047067526,85.314828641172,84.964797514716,84.2127613049121
"72",83.9160003896987,79.0863321511233,76.4275436064926,76.4947424843967,89.7897493124017,85.7968547487843,92.4935471070988,88.8738364935372,80.8146276424074,84.8532943059071,81.9600495123714,89.0324153371272,88.2090727849909,84.2937553252142,85.403204726796,87.0760653869068,84.7912606675614,88.8013481128349,85.0831438329221,88.1084435727681
"73",85.9140003853865,83.4900945564683,80.8176599780708,87.4648477455353,83.2812704656963,88.7048872402404,91.0171981396354,84.0798460484867,83.4190437078981,83.9444614957153,84.8402051208739,86.5672636680078,87.6366181392485,78.2241280457536,84.5523482182346,89.3763539096921,85.948499089152,86.2246465503222,87.1326454476896,89.1553368586329
"74",87.9120003857884,85.3336404847407,85.3695246218804,87.8238046151545,85.1197499475473,87.8160638465945,89.3979762484372,80.0993038128115,83.6071862862911,81.0036148435971,85.9453134336153,85.3700567653587,81.8441554509812,81.6514036766505,95.2343059841918,82.3568089821168,84.881060445922,85.0347001135983,90.8289713413598,89.2252545900456
"75",77.9220003781064,76.7586847045108,85.62617478463,90.8734110136971,85.4149496047406,85.4669364910262,87.8932442525722,69.2775334050338,83.830305645157,82.5369173903896,85.1738372571386,72.6103747073309,85.9779226593374,82.1035417482694,84.7329737002264,85.0175253784519,84.8933325565796,87.1042676286912,88.3609056765561,76.2765728257476
"76",78.921000367499,85.4476684954045,88.5042794517674,84.7557733926404,87.7455098036141,83.9774911499996,79.3797249760863,84.7393339139091,78.4738922535786,85.1366668931823,75.4501972977588,90.4415561307776,81.6437803240094,84.0090262031002,85.936527380817,93.1862380865289,86.6078470545864,86.8472737514486,81.2039919784014,70.8511344000427
"77",85.9140003678272,91.2397838317668,87.9020907204009,87.1460703396071,88.2440463489622,80.1316393601293,71.7714506370934,93.3910780214681,80.1072127421335,78.9674565774677,86.1573867626356,82.0278192839981,86.9101119045069,75.0151779516517,85.1106574132034,91.5651345026723,79.9840851229844,86.0421613379943,81.222087766408,79.757868835695
"78",81.9180003689533,83.0738184119312,87.2989421030326,89.4053537643369,74.6823280708245,72.86914036553,87.2443389135633,81.4774967121508,74.7563213433762,87.3453448031494,81.948317143263,82.99818932177,73.558123151372,80.2593607561586,90.0914410628704,85.426064329064,73.0989893571533,83.9400513974935,86.3510842859062,86.0157596301922
"79",81.9180003670371,86.1746914119526,90.0456298685518,81.9565157741759,77.1666161287191,74.5535526732547,88.1149609334602,81.472517486379,77.1618001166396,88.3930734919585,82.8567341890672,80.0481041134883,80.9886569690174,70.3979800126999,77.4253648072948,83.2062982491439,88.8324973790743,85.2563678095258,77.0501188026701,81.0469605119867
"80",77.9220003621023,83.3877254584202,85.8747384791978,78.0836828679061,76.5900598025948,78.5583279387547,84.0740600590473,77.7575283151959,80.5423870015687,82.6983018746132,87.4971557153737,80.3702911088152,72.4386019946903,84.7387315853964,95.2754373154616,82.4487300254344,79.1897527915046,76.023417287768,83.0789259707895,83.2000876788296
"81",78.9210003572189,85.723633583666,86.8937440354487,80.2549019656117,72.9852428447272,89.2976684843292,81.7999181565154,80.2110432781665,82.6149236630081,84.1261628351961,87.9104371049772,75.056751405881,84.5493543737325,79.4068826669118,82.2023620874372,81.3678636677742,78.2723362745617,80.4863067856113,88.6214408635757,82.7022901157914
"82",78.9210003547419,87.051544183965,87.4855286704157,81.2759786205411,71.9286361405701,85.2403287277354,82.5981616911381,88.815985928312,82.8455674828596,81.0904318589653,82.3542678429291,75.3789464602088,80.1266392261291,74.1516777467088,93.1998811473134,86.0805575635138,84.7469093796704,81.155726435379,85.6992035322089,85.2067558549762
"83",77.9220003522249,88.7948363882274,80.2924986661433,72.143097019609,92.1854763722289,74.9922404060831,87.5061027445073,84.524146003198,72.3663727432948,86.4997358341095,78.47131992458,80.5046054000527,76.6419835056061,76.7304246015614,88.8174023765359,85.7416008748906,83.6989198634355,89.8117036237963,70.8972863860947,91.1009517296626
"84",80.9190003527262,88.0791306149017,65.6147328070487,86.5192662338692,69.7269337019556,79.4975541794542,85.4871109793325,75.5510237563276,70.6750117145467,89.8629728476009,76.1389110509074,83.7640124615826,83.9660978366937,86.7170937107556,94.679901691089,86.2357281124315,79.4423402403838,78.1976534604928,92.0408871373856,74.6587753519231
"85",83.9160003578058,75.757503608424,93.019174207027,72.7774882128003,75.8553779672717,90.4811201186861,81.0241643114032,80.6794486826436,84.8186538812641,87.6026302978826,84.8121081526304,88.7149075722864,81.7175198504329,81.8231520828722,87.9643197864424,82.8860136864857,87.9883102292471,78.0357670803846,81.3464671574142,73.2332362698249
"86",83.9160003630484,81.7067585573532,83.9823410421961,75.363566630448,82.1889090804699,88.3349145421735,65.2094541396136,72.3785204027852,81.8737462603456,83.8878066222022,87.4349731359266,81.7010027702406,88.3760424585393,78.7189410630005,90.3363307888634,82.8686720650149,80.2604639784413,78.9003640407844,67.505383927364,81.0748900954289
"87",86.9130003691939,85.7343995074105,65.1635445144042,80.2445678467567,84.9719390025826,71.1063947062646,69.0764380067785,73.9924640813229,83.2929042426863,85.1217112298824,82.2070538585077,78.6867878742506,79.2588757506053,86.9052199053507,88.7749649783753,89.0894003655899,85.2834993257091,76.9893841218622,72.1794683790734,73.9701419955646
"88",83.9160003723431,69.2263331289312,81.3733310582233,83.4068255619783,82.4489082987813,57.3901453019757,73.9220549848266,83.8716516268962,81.2084179987091,81.5614516518159,70.1074795959392,86.2492038509762,80.9666951338143,83.2178858301888,89.1290557721767,72.7173771596181,81.9322261137094,75.7146687539149,84.7371884457906,67.1228995166208
"89",78.9210003677563,70.0575485643642,73.163769641602,85.6237469723182,68.0667543562283,74.5202874623249,76.9971904989945,79.37458311632,79.9292302233692,70.4184213145772,87.1560451226526,82.707665941169,82.3677070674265,80.3277096156217,73.3643766736292,88.2879619435107,84.2647598558304,83.0099987432856,75.7317733914203,76.3253193475463
"90",74.9250003578066,64.970580770035,83.674458528879,73.7227015965225,75.6945130248902,77.6005966176972,77.8700085394712,83.6672845406869,66.0604751862572,88.0069679441389,79.9727425659974,85.0032617525048,79.5118842027063,87.9057004290447,84.1393244210714,77.6479388462493,81.8124896687471,79.9579102110797,76.5052890589897,69.1569864716477
"91",71.9280003459979,67.7007726908133,84.468960395223,75.4085715348905,73.7430792557314,74.95302615016,71.7158913092431,68.4516364930353,69.9888266424951,82.3006885998406,82.4974877802058,72.569161192078,82.0646364132186,83.7536717662494,66.9738308690014,81.0150319403723,88.7689567691672,78.0263876672742,73.9099077287279,72.0226485376643
"92",63.936000329025,67.8169771727194,84.0990055004952,76.3882683066489,68.3822615901944,73.4580220034564,72.3682657348674,74.3440263316623,79.2295450048921,84.672094125014,71.5514234060777,82.6145164652614,82.4678585081463,76.2421796516674,79.2791528203093,79.4059999609937,77.6896021406397,66.7293611980843,73.5988855028849,88.1780219138427
"93",65.9340003146955,81.3150355390155,67.3419944613187,83.0799194202987,76.0001032988491,74.2706408346319,80.570387739635,76.6435998375535,77.8312370818378,83.1107677233212,78.728054453662,85.3341148734174,84.7263006716835,66.1459424200584,77.0712559959884,80.1931741986328,60.7756197112392,78.8802035891396,87.1733826269282,86.4354949470564
"94",71.9280003123668,77.3700626152688,81.2801737178229,68.9934628134704,77.6344539283484,77.7627851726335,84.5894530120621,77.2743275417661,74.6947666709814,82.6351338158771,85.278048809639,78.7257874861251,77.4477953005868,75.9260593821549,77.0525665901741,68.0183122014152,75.3492582626351,76.6994623008085,84.4930013457649,74.3601968591583
"95",83.9160003259423,84.3579084012694,77.9982196663846,75.463918338121,86.6582530079739,82.7879573353229,83.5310076669049,73.1188663844436,75.4682841174027,82.0809525449392,80.1521804559868,82.8554525712065,71.6368458099158,80.5820687960195,77.9886958690612,61.5753743850642,77.3513797768876,80.7684306789214,83.9600292209995,65.2513344380854
"96",69.9300003296171,63.6098299522147,79.2197154605194,87.0519929336022,69.4121207890767,80.2412835596111,81.957555497438,69.9744724877246,86.2877637394799,82.9868483078395,84.4779259564879,80.4071683500547,82.4713640850299,80.132392658038,68.2111171583438,72.3701743833122,79.1395248306843,87.2189063318638,82.0427051253343,57.3406080454581
"97",65.9340003190352,72.0753623021842,83.7503343190916,73.8894442454416,80.1776558912207,81.3419521654189,80.2874493373375,84.2455547808617,80.2252079578724,82.7004038195759,80.3265497835186,83.4041250775575,82.9614375288831,76.8197696156107,57.4247682139274,78.8470675354752,84.4708669544204,83.7826078029705,70.0438712478783,75.0356807513376
"98",63.9360003077464,74.2160299236279,82.5284190800892,67.1610182456104,76.899701558446,70.9205388634965,75.5756478495519,79.8124042142483,76.2700285984228,75.5316689145743,75.5809856332923,72.631805459979,83.28719666693,67.5462124378028,76.9572331225792,81.6207664294067,80.1968349109517,84.2988361861791,75.7117678630492,79.1521900633463
"99",59.9400002954714,72.0688172237575,75.5987318954639,80.9651816802493,74.0308662400586,64.0130546206188,78.9559854529759,72.6209971714679,72.9173374435211,72.8431035773202,74.5966459460414,76.4638094263049,82.9162200226737,75.1590201305056,80.0271216738532,86.0983430557435,80.4671368039712,68.6228929734644,70.2948742991828,80.5101461511636
"100",77.9220003016149,92.7779466931373,82.4166403708428,62.7004785805501,67.9808901041436,56.5441857028935,86.7760724142873,66.5282646102972,74.4202413392819,71.018094663595,72.8309916859849,79.4911991896789,82.2980224668539,70.3229683593173,81.3480086338663,80.2533022540942,70.1227723552592,67.2040408688052,77.9006003872972,85.3895398239918
"101",69.9300003100313,71.8678675338938,70.7762851181246,75.2397401041587,59.5929300032387,71.8778261532227,59.8344332465574,67.7059136315571,72.9075605225994,71.1289965926829,69.3035697373673,86.2941549832655,73.2639538504034,80.768597501694,86.3271230124808,82.2839654620182,61.9012483768889,76.0932457196107,85.5199741465566,83.2100109838185
"102",71.9280003120104,78.952731144654,76.9409011475508,72.7891345126641,60.781221889447,70.6832060782692,73.4012992389414,74.8409806623976,71.5911555550739,70.284173443881,83.412203475506,80.9401052248109,77.2589340806529,83.6988437034497,73.9136213301733,76.9801820358021,67.2424380095931,76.8479911362248,86.4546772459663,82.6444397953451
"103",68.9310003118234,75.621771805911,75.9624075774516,77.3062941019666,68.0707541500929,76.9318838932689,72.8515889694512,79.8072059120493,64.6768366177778,81.2911743230132,83.7049394790801,80.6462417534775,64.4137732253879,75.4416996759169,85.4947885511486,73.853324735346,68.5864602299048,79.7015589179332,82.8244665841023,75.6069458780247
"104",68.9310003097236,77.76560461178,76.5632476167614,74.5079986775113,68.9059695525236,75.4436326513543,80.2621255778654,75.3932076882452,85.8678568233895,76.2578523141669,72.4741692606798,61.7613410158553,79.9500660343786,76.4590819722666,71.8139731323092,65.9345513992291,79.8408728244459,81.5237110117058,85.7030900642561,76.4798574492059
"105",72.9270003120788,79.5037770176789,79.4511707618125,72.5678401815126,66.193498938586,78.3781035573045,82.0973478715675,75.3156084767237,73.9507508620793,64.4953861743861,74.9770203895531,63.3087486232859,77.0197054384851,69.2534709443655,82.5256124686912,75.9634663860503,77.7993302101202,76.2505998819535,84.5236113537378,79.1876770875601
"106",78.9210003217872,83.5287013529307,66.6208606691354,65.4495363864942,82.6389672550191,76.9024204304244,75.4407457914738,67.5323760519978,68.3595266557057,72.1643536628455,67.5202119896947,77.4039836757266,79.9257475466607,77.6744774513705,70.3320186614038,69.0181433108214,77.4601429151304,81.8706157419454,78.9580369024675,72.5485854637789
"107",80.9190003338347,72.9235038091835,68.0417780027593,79.6216125674899,72.5028013046771,76.8761768542284,70.0192993690775,64.1047416560161,59.0160130344774,72.0149762441163,73.3152248480409,75.8198833638996,79.2895196265663,71.2473341848288,65.6700549402377,81.0888898855863,79.9700506037757,76.6829854466619,66.4576958678118,71.2818472159702
"108",79.920000341967,67.7919265986996,67.9907335259072,73.714957798079,79.8620833880126,78.5931982289653,49.5904300532094,74.0267389412266,67.6978156334931,82.3744727029239,70.0031310717965,64.2806445841349,78.0383604300039,69.4861626536484,72.7223584589658,77.2138139933201,81.8796577190093,67.6537587708895,74.8078147321738,78.3406474504816
"109",81.9180003483829,66.5236865618158,80.1406855673905,76.5714706997162,81.9360067185137,67.3578151209769,63.6374258193524,67.7221455506751,67.5725864345508,77.7968205286516,63.3640000973324,82.6826169122111,86.8193426439412,54.31610556436,60.8484829728662,85.5804405650791,78.0637017198538,75.4130588277158,69.1176994958364,84.4091446709007
"110",65.934000339008,55.6884207672757,70.8613587895924,80.1501833579487,70.8739908180718,66.6742332475777,66.592972414537,70.5874582477032,74.9798328741742,72.8179628906009,78.9276320684911,84.0213475010987,67.4897257242953,55.2219833953186,74.8744756860729,81.1739376340695,73.3771586256861,71.8508235711976,78.8470450308469,68.6387159481875
"111",62.9370003196497,62.2562903545629,78.4574411092762,76.9080369301361,72.3750763865105,62.5484477876002,73.660952921962,72.2464507553098,76.7981684157185,73.6712925512138,80.3051624099801,75.5430004213382,69.5446914169732,57.2774312600312,75.9773290749206,83.2082784767804,63.1864787416758,72.4324532592262,64.7417240380335,66.4048197432363
"112",67.9320003098654,72.2929891539054,78.5810389460411,64.0125328776596,64.537078112156,72.265400798521,74.8268061274584,75.7485941946422,72.9309485835269,81.2423296767737,78.2233855909854,69.0297448053759,67.6384218375363,63.6729179424355,81.8812093791077,66.3098985727646,63.4927944783337,63.9626346657711,76.9609414668675,67.0623867558717
"113",78.921000317066,80.135442589565,72.9786372026896,63.1036850360314,72.9012914070103,76.4626740449745,77.5964116294313,74.3582544760891,79.3779164297129,80.8225222430393,70.4068687965656,73.2426471994074,72.1122694201235,73.5663242337941,76.4633862900418,67.9620387448341,71.1967431689765,75.7506115998937,73.6692236808222,75.9716013239497
"114",80.919000330802,74.5592224581828,63.9284205615559,57.2772482436506,80.2023760834042,81.7345208344705,74.431911310459,72.978017691376,70.5191024250897,77.4428679699481,59.842653805149,76.0907329431364,68.1386324666873,67.190621867594,80.0112785008105,66.7571976491765,76.663094196468,76.1865098468319,72.4285076390266,69.3595050166416
"115",68.9310003298331,55.9780317813685,63.5819151135545,70.4467830083138,60.7758009891262,75.5294483349164,70.0435225427558,68.3196737895225,74.9497577182288,65.4662431306154,72.5881429497832,54.0184325494741,78.4216033159633,66.2972633295664,74.4384650817121,69.6574567515796,77.2178796637125,71.1088167473447,63.4842787036983,78.408562806951
"116",72.927000324996,69.6029797435635,61.9621247970322,67.2707268274194,71.4879934443521,79.2101229150845,64.1496542682768,80.8345890341879,67.539087339491,73.2950893655013,43.8052260428603,75.7417680698606,45.7266403742174,60.7946086683126,71.6710093656846,77.1682349322912,78.1896529732105,68.8370695463077,72.335354480345,79.9497596442205
"117",72.9270003245285,65.4393665318265,82.0767705300491,66.1112180239245,74.5060804989918,80.5556971861838,66.1848309761246,62.7017857012085,73.355435304202,65.9544743917993,54.7937232218483,55.8373559557733,58.3267726311424,77.1692162192589,73.3153179907984,70.5899544392653,79.9068034232284,71.4648793528464,61.2470940323369,78.027608101346
"118",74.9250003260802,76.906961239184,70.5393930937028,71.7968097132445,78.2202165188006,71.2965042542319,55.2469830640432,77.0207453805379,71.5140183952557,62.805676253026,61.6557693425431,66.1900820820426,72.4185759858071,67.9232535136194,72.2405154297724,85.3521245090647,79.5754393909324,63.5771939584409,75.5145227586328,79.6885327012038
"119",74.9250003283967,72.0461591693594,62.68942386857,72.3945298688199,78.6444654828522,70.4593141510151,54.3994311630497,68.412865288682,71.5530183918959,69.3202929518204,63.6647483689633,69.9718626552398,68.1272684993877,55.5980168636285,73.6773460841661,70.3176369427372,80.954663562641,57.6277336817653,84.3261931966727,72.2543020893084
"120",80.9190003354406,68.4585075020876,70.193163299211,76.6002091648881,74.8850836887622,61.3901774179648,67.5124902880008,71.5010622614717,68.534714551226,66.0264493656932,64.0790250177401,63.4489132680131,64.2671850206632,50.9288559598335,81.428668911659,76.4921404841161,67.5059016905078,56.0978451617579,73.6139195993199,57.956439183021
"121",81.9180003448506,64.4230962622944,79.989452944276,73.9116123692621,76.8293189919507,58.5254971761522,76.3342082052122,62.4939863125464,84.1052793865496,64.4604358787549,64.5721126969941,76.9227952480491,48.224521973142,73.795584617398,76.4435191446294,67.8377936498615,46.6889328123088,61.6530758086336,83.5708542052904,74.9469218522458
"122",81.9180003515549,70.4102811588302,74.8633193709599,78.0215183415858,76.8079649370768,69.5831122170005,79.62128064596,65.2768282621379,79.6190800730441,70.9042544373073,74.6222070809796,65.6052838901246,65.7743151607183,75.3558859396653,60.9540316979056,64.6436827443683,59.6790008159459,69.0732374890787,76.0272863601376,65.7509887808208
"123",80.9190003549354,70.4354533566671,70.7420002457451,74.3069343397571,76.2971857622967,74.9455915025659,67.6742303396182,66.544118325197,75.5369620463976,76.0949671307736,72.4637886360447,64.2367178772372,69.6649152789473,67.0333953135617,72.8655804240363,68.339409307084,61.5488274169184,79.7125718297015,67.0540929906486,64.5612428245287
