"","V1","V2","V3","V4","V5","V6","V7","V8","V9","V10","V11","V12","V13","V14","V15","V16","V17","V18","V19"
"1",1.05265290822826,1.0494684157146,1.12060743616754,1.1033356196856,1.11838956451164,1.10817210855924,1.14090648558316,1.14057405928278,1.12543808705286,1.12206260091748,1.16141475340547,1.19810150218637,1.19891012138745,1.2430122962093,1.24378082934427,1.23843511295116,1.30020399269497,1.29064711313563,1.254520621281
"2",1.10074215127768,1.09965264076813,1.1080251906007,1.0983229740276,1.11018415066042,1.11621346956621,1.12682710879407,1.1540742823227,1.14218731056022,1.13188911568505,1.14454930121209,1.13466104488767,1.1534332521677,1.1654312135887,1.1729349007138,1.19073521960009,1.1919564173475,1.21918958585445,1.22882649045505
"3",1.1354128492522,1.13541971646059,1.1390956926421,1.14283130747888,1.14320138186255,1.13849501871713,1.12967792828689,1.15609173236447,1.16565749209025,1.14798186127004,1.14945901533865,1.13575563549053,1.15330996783181,1.1551974822451,1.1572858566153,1.169772647107,1.18991466005922,1.17230904390689,1.16904496048749
"4",1.11033784522484,1.11049200035491,1.11707876014768,1.12577433388067,1.13453852822066,1.12611707316058,1.13075780168249,1.13772213420862,1.15063932918155,1.1469920834813,1.14249709775095,1.15016209357972,1.1511688741261,1.15775097801828,1.16384393733187,1.15934325657601,1.16660496862706,1.16799331934158,1.1589557507737
"5",1.02523062425466,1.02523277256766,1.04468398616113,1.06729148270143,1.0847250083611,1.09723924396246,1.11505494373388,1.10387744982727,1.12081791059008,1.13373283660955,1.13216660653971,1.14271414435001,1.13924437845172,1.11290892237855,1.13243540674023,1.13204519856591,1.14523015330213,1.16816118705784,1.17044872246032
"6",1.02583792840567,1.02572178337104,1.02816934015918,1.04234033610732,1.0539538796628,1.06749446544178,1.08020349407598,1.09431152629471,1.1026803064659,1.09217789786304,1.07576580240192,1.08854749386992,1.08218528920838,1.10309153777266,1.11507073674837,1.11857510324159,1.1215976788991,1.13496203529202,1.14547456596368
"7",0.9165601427602,0.916396444233851,0.946987680271931,0.947574738257622,0.970389044364014,0.991823235688894,1.00246977561339,1.03027791545457,1.04390643295446,1.03533595699483,1.03825702504751,1.03776191061358,1.06110919233385,1.07064995507574,1.09393760988617,1.10963307358847,1.10034582730707,1.09830649664558,1.11496770703104
"8",1.06352497750981,1.06339712382991,1.04787480503935,1.03618414723816,1.01403520196222,1.01792962952368,1.0165101727148,1.03128838582869,1.03131668344994,1.06211799057306,1.06309079911695,1.05757640687231,1.06731197686999,1.05888315361397,1.07692584485989,1.08633483950848,1.09256652878391,1.1180247362469,1.12290119119388
"9",1.02695319003963,1.02689576569243,1.02864387317904,1.03073611597257,1.03489918910652,1.03683955796563,1.03470410660421,1.03410172803793,1.03602636353369,1.04902321844612,1.05746863261099,1.07470954650517,1.07230134665689,1.07343827229408,1.07492933913262,1.07156815108386,1.08170579254247,1.09343664115449,1.10039782866659
"10",1.06436645706871,1.06419969433225,1.04704667781684,1.04394358770821,1.04953896590028,1.03712988656142,1.03867882689269,1.0248133398331,1.02994947313473,1.0071631664819,1.01887358052312,1.02578454071779,1.03007832799489,1.03921960638541,1.03269692404233,1.04255314852313,1.0477737999235,1.05660774655177,1.05927152097139
"11",1.02807087927387,1.02793438967947,1.0290105632557,1.01868772433932,1.01943556341887,1.02830065246972,1.01323525678184,1.01329135025795,1.02004262580674,1.02665687686412,1.04190746693594,1.03710534972607,1.04135080481368,1.04765720406724,1.05059302628676,1.05771778963922,1.04434057569728,1.0298043209078,1.03134304730469
"12",1.07745305397294,1.07731990226637,1.05393630147248,1.03020981499216,1.02109733538982,1.02414315206611,1.00004366147054,1.0077935543281,1.00915040246874,1.0214537654727,1.03066803039771,1.03626241917002,1.04764639279166,1.05876125773858,1.05016849849809,1.05299010652624,1.03325567512928,1.04820431478509,1.05751993239488
"13",1.0531739719389,1.05309164194084,1.05431371199488,1.0327971948014,1.02392346360191,1.01461546360984,1.02072366290345,1.02183467850294,1.02418452739747,1.02064114364022,1.0243322491901,1.02530405678991,1.0123181083521,1.00898926665244,1.01841160025292,1.03049622817831,1.04261090746508,1.02207622747758,1.02857572328616
"14",1.10117765756899,1.10136442780115,1.08868593559839,1.09651424091342,1.08395049161462,1.05579150533595,1.06507941076163,1.04790326439485,1.0432439576717,1.04553445339194,1.0416583268473,1.03313115317392,1.03396449506945,1.04065869027986,1.03757036331333,1.02161166034928,1.02804677938048,1.0417676809138,1.04257107432752
"15",1.11253262254293,1.11280396821694,1.1159776692306,1.11321162477966,1.10466697529936,1.08882062618962,1.09310821089099,1.08563975091804,1.05690326476094,1.04700279248775,1.04520182427999,1.03302826268167,1.03584713691669,1.03802404999063,1.04450302956823,1.01020516498293,1.01503866564986,1.0253901450827,1.01926095433687
"16",1.11231275443571,1.11247623490209,1.10315563687769,1.1186659194079,1.11418264357841,1.11161637196587,1.11354603420204,1.11166170183296,1.09435533440204,1.08502294333172,1.07608798259903,1.07822759317166,1.06956364763825,1.06571170052141,1.04988993498098,1.04853848954499,1.04708520315763,1.04684539354351,1.03187432976883
"17",1.08722172241315,1.08743181647652,1.09690137634484,1.0930368140771,1.09168757229649,1.1034742358832,1.10593602029356,1.10683139082781,1.10111880098407,1.1067495342958,1.10366965888018,1.10661841928392,1.09438113382289,1.08228695410314,1.06718095317356,1.06822580401088,1.06590280099131,1.07192193855586,1.06863253017527
"18",1.08636344593996,1.0866379802253,1.09295260022931,1.10591146374926,1.11752809836421,1.11931086528484,1.11690540787244,1.11493216224872,1.11926768113891,1.12024814156636,1.11617601252268,1.11467225167724,1.11347982695955,1.08769963335065,1.06966010069292,1.07468039479509,1.0724179510972,1.06312553446041,1.05296819520632
"19",1.08529250405714,1.08563670782465,1.09807597693428,1.10459523901072,1.11635741929656,1.12259109800635,1.12097663648953,1.1193618787546,1.11176854037961,1.11110889645468,1.11891924036144,1.11508807666271,1.11715782218915,1.10025080102548,1.10926567401793,1.11554910166016,1.10061233913163,1.09877348267087,1.09538950649548
"20",1.09619004706799,1.09661030150227,1.08906884299605,1.09858640435942,1.10198459668805,1.09946859791302,1.0986551949362,1.10272478481927,1.11412022920866,1.11338009727907,1.10841481488403,1.10377244879961,1.11446995830232,1.11428941778112,1.11740242623816,1.11042037718241,1.08666241108484,1.07842236139059,1.05564320431151
"21",1.08230506892996,1.08283724913652,1.08285960948483,1.08778408603055,1.07691620250062,1.07322102468499,1.08806292043532,1.09443251392292,1.10308492929907,1.10773518604747,1.10702863436145,1.10554181023698,1.11172440959386,1.12338214263313,1.13035335008561,1.12748513172789,1.13083936965129,1.12071255938811,1.1203292559773
"22",1.0203979551037,1.02083572700123,1.02875547553839,1.04399145763558,1.05596026303489,1.06674078456056,1.06401617552272,1.06372570185759,1.07330845163151,1.08372200391679,1.08350799293099,1.06831150762077,1.07109758249766,1.07846975470457,1.09266091179125,1.10434405629927,1.12291458178579,1.11514160876232,1.11903671546346
"23",1.05798360670682,1.05792823614974,1.05806299168754,1.06259518143859,1.0409256029161,1.05549813192555,1.05186586192525,1.04093424010667,1.05880026217698,1.06575558364584,1.05667275376326,1.06480965819317,1.05398129670327,1.06807838865804,1.08025375880366,1.08236235237634,1.09851239876563,1.09793506863305,1.11643930287271
"24",1.07056532300243,1.07046667863228,1.06785887545691,1.0675422950172,1.04434455075879,1.03389131897611,1.0320794226834,1.034744476758,1.04736418497902,1.04996305152797,1.05238413146674,1.06941916226456,1.06680988344822,1.0720841801908,1.06877195438048,1.07199617979659,1.08023071590812,1.08919633667044,1.09535889449845
"25",1.08294384823486,1.08287251445354,1.06614766236468,1.06148440657267,1.03330971573738,1.02633195358125,1.01960004195746,1.02840277825595,1.02029854941984,1.03160678769165,1.03884757216692,1.04803965813196,1.05402875352202,1.06368721067558,1.06657618579349,1.06332224449886,1.070563540518,1.0836820514788,1.08980787229946
"26",1.08518552598872,1.08469531853253,1.08305376484362,1.08261065506871,1.08719822096533,1.08891500957574,1.07788723196211,1.07677864215969,1.05767850009011,1.05891794967818,1.06825320759771,1.06556318360838,1.05902384972994,1.06657582081085,1.06708732541334,1.07551375943923,1.07573311570339,1.07185693125753,1.0792122898151
"27",1.11110503157531,1.11059946571982,1.08165504660309,1.08179194666359,1.09972619379674,1.10296407459122,1.1036458807167,1.09768971430542,1.07727420370408,1.0686490454869,1.07498027140027,1.08021620542577,1.08228595972292,1.07521766117941,1.06873061169927,1.07161578542434,1.07020763138902,1.05905181761092,1.0718767450369
"28",1.11275257758891,1.11222113767574,1.12282840932208,1.1139838754474,1.12195952535507,1.10193196727338,1.10758973105003,1.10977752323571,1.11270627180148,1.09634752711899,1.09533929709211,1.09044769957729,1.09663311878958,1.08818929546633,1.0752698330778,1.06506519286487,1.06591782571288,1.07323000925694,1.07017620935758
"29",1.08905007034876,1.08870247055862,1.10013589294871,1.10153867079056,1.10200702226962,1.11193458610885,1.11200913110258,1.10926722647087,1.10517029827888,1.0812408593215,1.07176370610183,1.0697035261466,1.07393019056146,1.06500210813594,1.07469366578152,1.07831486998164,1.0686245903195,1.07086585399884,1.04888476359649
"30",1.07628121458262,1.07627366665089,1.08570866061895,1.09886713251873,1.09433008366689,1.0997113181175,1.09451131748648,1.08635100441359,1.09479854478514,1.07307707630127,1.07115712680204,1.08309156157871,1.07683936320908,1.06450298558498,1.0706820756444,1.08007077531016,1.08075313207234,1.08941215736345,1.08222205751305
"31",0.878682408683701,0.879093780157515,0.910526766658071,0.951380115542488,0.976165996733611,0.996667276543964,1.02001482728736,1.04204832633986,1.05668237841048,1.07282184685028,1.07948611939668,1.0772911279141,1.07097839045964,1.0755847541835,1.07563040208133,1.07819165250709,1.05883842919652,1.04012948593133,1.05021885775685
"32",0.975447663810087,0.975817489298373,0.967251962768332,0.964653833820989,0.971264358310167,0.972804041336232,0.992897624734981,0.996886953283153,1.01372970763894,1.02330238518466,1.03814494375021,1.05066024627537,1.05634752938361,1.07133135079786,1.07462596296793,1.06361279567857,1.07399977972467,1.08237896830165,1.06611758052092
"33",1.02411909883905,1.02430140628847,0.999701339472783,0.984867483563165,0.970551740812221,0.97130400739132,0.974739117089866,0.98004248108632,0.987541676004732,1.00632286185513,1.01539600686229,1.02477951699211,1.03939134048142,1.03319788320895,1.01296320469232,1.03283771775649,1.05417815349544,1.06647650054145,1.07176546415494
"34",1.07383922307277,1.07372327264081,1.05823895059207,1.02655080434841,1.01961068972887,1.00923329721247,1.00240942353323,0.998565385035011,0.999874865524393,1.00927086659066,1.01655049973616,1.02449377901427,1.02774272294723,1.04526626558621,1.05475365264332,1.05588310453594,1.04759793410798,1.05114245475434,1.06658821757096
"35",1.08518552598872,1.08533373606063,1.08216833552366,1.06670534961689,1.06576233015966,1.05684334747354,1.04369466141109,1.02780305507934,1.02203922280157,1.02820353619017,1.02923789177178,1.03643471335951,1.03516552302486,1.04505284706931,1.05576367799219,1.02609339050675,1.0122993899771,1.02567760994241,1.04147327035479
"36",1.07140828782369,1.0718114986532,1.08369433817096,1.08243699781358,1.08639660663053,1.08375471013679,1.07771666145908,1.06946933952106,1.05557469548894,1.04325238374137,1.03588063786044,1.03498055555592,1.03720084071694,1.04055610491577,1.04090005378992,1.05908831103555,1.05404172269714,1.04529192103219,1.04475530353508
"37",1.02089923136382,1.021440738256,1.03367289933486,1.04819386396366,1.05676625968055,1.05155472746302,1.06527525155609,1.05929517046739,1.04045496424529,1.03383265749626,1.0162848316241,1.02445752724916,1.03215648421063,1.0272618246589,1.03019309992408,1.032357531299,1.02610021784866,1.02863599090722,1.03909388746141
"38",1.0186972918452,1.0193817612052,1.02446329581688,1.0318550574987,1.03849696546813,1.04550333429367,1.02776191747618,1.03851262328275,1.02759878747006,1.01193547393236,1.02809070924901,1.02874824439717,1.02131256282623,1.02651991730259,1.02308456386327,1.02541684215777,1.01936163623906,1.01679986847447,1.03004783522932
"39",0.969807580297268,0.970149549033589,0.975121589690704,0.987910224301236,0.999375323784692,1.01480858353894,1.01448273641985,1.02130709015839,1.0234054011363,1.02355834658918,1.02505167242689,1.03032211151911,1.01711615151655,1.02233707553899,1.02660189892571,1.02908573694856,1.04561983789297,1.03103162245098,1.02127956594344
"40",0.884083008741425,0.884396040991181,0.894481237885407,0.910996113749024,0.940379816203986,0.955593033589185,0.965247850763605,0.98252767575928,0.996260248540376,1.00946843288607,1.01076772739443,1.02201956572068,1.01613001211124,1.02066071654656,1.02495808804743,1.01921805737422,1.01793456626976,1.03308798858073,1.02640346532343
"41",0.967910460617501,0.968253511056955,0.966035752720998,0.954743478156151,0.954684012310883,0.959798069475665,0.967251838138847,0.975722015027428,0.958809361630805,0.966563123792224,0.977996881382436,0.988905941407974,0.993589902825164,0.99999116922649,1.0059248534515,1.01683220247128,1.01439190083039,1.02324193236366,1.01530634340545
"42",1.03918240603251,1.03961504648382,1.02548095998424,1.02186550611133,0.992652970297914,0.981617855812996,0.982220304447667,0.975004597836797,0.986880182159482,0.993716886937408,0.973887684749046,0.972813383891117,0.9850183766091,0.993654317024809,0.999464097323528,1.00272476092353,0.999832634615109,1.00621050398028,0.999184193236301
"43",1.06231172092209,1.06271314267456,1.04147923020491,1.0412035148123,1.02518995489952,1.01370574090394,1.01182120136964,0.994662074631774,0.989877547796874,0.994259259082773,0.976426649142689,0.953449901587811,0.94531266610296,0.936770227059304,0.950445457810289,0.963777604566379,0.977748659166751,0.984738484297106,0.998652861103503
"44",1.06158652275099,1.06190607009412,1.05905000843373,1.0528867607879,1.04404997723541,1.02202266525272,1.01953035749228,1.02652982918467,1.0093358881612,1.0019651307344,0.985457319774193,0.996321301742863,0.983678657038677,0.981416766889873,0.97937442761611,0.97839326870795,0.987568003123466,0.985854657336484,0.981209602404872
"45",1.05065012666423,1.05054496985068,1.03567506722308,1.04047791855348,1.03971057659001,1.04771115868176,1.03624229297729,1.04038477348894,1.04447201157984,1.04401139098973,1.04400350462273,1.03337686681879,1.0282343323256,1.01763874330598,0.992420410414923,0.98703091643042,0.9817233155815,0.967710239473808,0.972172367323118
"46",1.06459737939253,1.0641719778545,1.06096194926215,1.0455748971943,1.05623744276207,1.04795671468784,1.04092460509427,1.04399491997028,1.04481519315016,1.04942342207238,1.04571023253113,1.04782472321066,1.0505172644738,1.0415153484525,1.0286272806977,1.0040334411294,0.990870037002856,0.955925609154453,0.964761075275252
"47",1.10337238530576,1.10268898373864,1.10423343036268,1.08854289240281,1.0907466685932,1.09593172294803,1.08789566697427,1.06833957652583,1.06891145988969,1.05801916236795,1.06242422549461,1.05746880646196,1.05388166163585,1.04462234298166,1.03892485054506,1.03188275943397,1.03553272860549,0.991716617734909,0.989910432659486
"48",1.10510554436377,1.10448707691982,1.09920238246927,1.10156417773891,1.10441368506428,1.10610962296438,1.1033972623805,1.10034278300923,1.09918829767105,1.09091760581061,1.07760642567232,1.07242529757093,1.06516623342053,1.05653324994142,1.05424785821985,1.05312665003631,1.03992590923803,1.01783711125551,1.01395977310108
"49",1.08102976837741,1.0807638883032,1.09170308245104,1.09893281240207,1.10522212782231,1.10571582021903,1.10984242868742,1.10992522996956,1.10745044872209,1.10246595125084,1.10014460684568,1.0837617413705,1.08119986056934,1.07700102793977,1.07669543436354,1.07636506116986,1.06610074330098,1.08616539035054,1.069517169515
"50",1.08039324447062,1.08043765269175,1.09236582497868,1.09500191141229,1.09823814696992,1.08943053250907,1.08941175575372,1.09372840111735,1.1040811932533,1.1002673212649,1.09985095980792,1.0886238860511,1.09704681200082,1.09725186170244,1.09028618525941,1.09213008781451,1.07651517260155,1.09610569694507,1.07936262946905
"51",1.06804436855265,1.06811758083296,1.04551867906555,1.0348292577454,1.03952923475291,1.04582680663287,1.05957607534091,1.05982381102859,1.06815575119761,1.08161348281203,1.09788587173145,1.09638863312302,1.0979943150425,1.09265086368379,1.0934468746519,1.0861290392547,1.08133875653987,1.09322162132411,1.09525197175053
"52",0.99610276569647,0.995954024522617,1.01514669484073,1.02220091493272,1.0029334379559,1.0176296888245,1.02854851648342,1.03756244644753,1.02982028449442,1.04724785532728,1.05554386359038,1.0705326682724,1.06358316848613,1.06874473987196,1.07404332061896,1.07776218387351,1.08825054833323,1.09135060105736,1.10015230201422
"53",0.961453915041953,0.961029421450105,0.982165204861567,0.991598585690245,0.988231870461467,1.00142956561544,1.0043261509054,1.01272338486829,1.0201302211792,1.02639765532721,1.026604203216,1.04861591087526,1.0425906851051,1.04128730586112,1.05131253009372,1.06661915772639,1.06243144264354,1.07930493153415,1.08761091826811
"54",0.986376797225856,0.986096867436638,0.98891761639741,0.988807500499452,0.992911034424717,0.992252118673983,1.00424486762861,1.01222024689252,1.0151647645163,1.00422604282775,1.00652334645704,1.0062361395318,1.00213726152359,0.999833472928042,1.00979261798123,1.01050021714782,1.03025266401346,1.04790093621204,1.05749243494586
"55",0.99963678556097,0.999309565713584,1.00001972920571,0.972333069483484,0.986374737850034,0.998951844114011,0.997639665657111,0.999710724499058,1.01082058379551,1.00250376466039,0.993736606533725,0.989779871772554,1.00456968918467,1.01583344420961,1.00922260560153,1.01192982448559,1.01419673588482,1.00934846232734,1.00909012809261
"56",1.02381637371376,1.02374150948277,1.02366789002046,1.01270809859718,1.00955381552288,1.00247243499949,0.996599552979073,0.995241390715571,0.987920080930009,0.987093454657128,0.991948480503823,0.988582919491267,0.981436216033229,0.992804025817822,0.992781655536306,1.00168837066267,1.0022383752829,0.997791656572391,0.990284747135346
"57",1.06079933439347,1.06069292504264,1.05518202749547,1.06229318503035,1.04520344160456,1.03710991898995,1.0198132413503,1.01675319553832,1.01950656141023,1.01237423486695,1.01629792349768,1.00507327378396,1.01193669485165,1.01710442030955,1.01430269867156,1.02200327977503,1.03021096990345,1.02242469153854,1.01926312124292
"58",1.09932913182803,1.09888591891272,1.08318323302099,1.0773805563852,1.06735599288412,1.05939512404446,1.03707205445429,1.03464800750157,1.03694586444343,1.03558678092413,1.03216475556899,1.01449805631949,1.00722797925216,0.992844014844183,0.994521188395239,0.992882471533309,1.00196621803884,1.01493512847573,1.02023431046919
"59",1.10215880784303,1.10140037285428,1.09733607614004,1.09727764995885,1.09417463791992,1.05775467626029,1.04387687740048,1.04394251340046,1.04782494503281,1.04498941667636,1.04663594422821,1.03650599592794,1.04475551941391,1.00784466267104,1.00043707144754,0.998553876820095,0.975707177660007,0.995162292959169,1.00826536572291
"60",1.11639443368932,1.11568957658042,1.11880406053915,1.11682129134185,1.11142920413285,1.1071464625551,1.09068384611711,1.07536164665662,1.06236724991864,1.05551948706996,1.05392992981702,1.05094558157405,1.05867072413968,1.07140260656869,1.04625347867258,1.03076501255624,1.03034999289111,1.03104266723301,1.03087591121308
"61",1.11816877668515,1.11753358517038,1.11835325286235,1.11769676534059,1.10484912330736,1.0905081961193,1.07604915514533,1.07065400262727,1.06921096391014,1.06509308022609,1.05735796957655,1.05548556188956,1.05749974306849,1.04351314403341,1.04232222929187,1.02983247361893,1.01399992735498,1.00568041826382,1.00146006932848
"62",1.03432057091972,1.04377857432702,1.05430130942717,1.04936418227099,1.05612710118851,1.06358839555365,1.06082299533826,1.06450512663207,1.06268557989959,1.06249289474538,1.03836723216755,1.0341089434942,1.03687896965275,1.03586639870234,1.04704374666666,1.04603799620027,1.05980466508403,1.05412175150439,1.04440473549831
"63",0.962169815202074,0.980064589003863,0.987551631704775,1.00888681818007,0.999144935973061,1.00831440089655,1.0367741613192,1.04070979707551,1.03194222985138,1.03826971272939,1.04735068762748,1.03854074762177,1.02030662237198,1.00016620346716,1.01396805357452,1.02727302327332,1.0410857568935,1.04286058815296,1.04397360868447
"64",0.878577918980825,0.90731770516431,0.91797497689553,0.945662312547624,0.959951855202177,0.958345178457246,0.978565064302652,0.987161640337361,0.989817821761186,1.00794987398247,1.02006001893807,1.01985589837131,1.02714979639246,1.03812752406833,1.03783069810938,1.04021119276558,1.03789437972411,1.02401450563215,1.02838645641758
"65",1.04747997346912,1.02593240128165,0.984197527965183,0.963953982204429,0.968082288380164,0.960171714816496,0.978978007929625,0.984562680687841,0.988718428374154,0.993417814768474,0.998553724114892,1.01518686630201,1.01384605969323,1.02346746320268,1.02879618811857,1.02933684357181,1.0206996532962,1.03380085323425,1.03822089260594
"66",1.01126154518939,0.980634434317202,1.00602808575091,1.01486941982509,1.01819832520631,1.02647395168907,1.03372871596502,1.02404932439692,1.01984846090462,1.00996063451596,1.01583595495936,1.0257270478112,1.0281389349532,1.03950312687426,1.0179381975947,0.982858020652095,0.968617353812183,0.981701008356727,0.97009052576812
"67",1.04788795008975,1.02723944220339,1.02956526068977,1.03489442519666,1.01611243436415,1.04197589156467,1.03679500993717,1.02461520138193,1.0281000664092,1.01187141595431,1.0011500575706,1.00325565933334,1.0161423945933,1.02293332358131,1.02065222164412,1.00043543827961,1.01188647851001,1.00773056698771,1.01495934424853
"68",1.07291756760117,1.06201009238044,1.05040647050781,1.048043936897,0.991054720313989,1.00102586522764,1.00299599410433,0.975298856967101,0.97924855411412,0.983297971104057,0.990144255341649,0.983614601096178,0.990145371155237,1.00301027532799,1.01832636878968,1.00234276522081,1.0063129384087,1.00349222021833,1.01183022189957
"69",1.07480300313927,1.08098084176077,1.07488740222924,1.05640118411462,1.03105196516931,1.02387055307218,1.0124396222511,1.00516276339391,1.013024855966,1.01260275518442,0.995891578945723,0.994602328651027,0.999571249122372,1.00001770089362,1.00875417251633,0.986559412865657,1.00763361557534,1.00627343550478,1.00653704812365
"70",1.07522288906686,1.08271409172899,1.07742393655181,1.06962023681983,1.0855094973694,1.06797198844902,1.05109874954002,1.05694703584009,1.01134133604705,1.01662562780706,1.01714398723706,1.01705054143748,1.01661010649973,1.02069898666809,1.02438250049127,1.02442112259467,1.01485396988067,1.01998676736192,1.00213256249618
"71",1.10035240223748,1.08700617689903,1.05622163709017,1.01978544655423,1.0492537624386,1.05018186650151,1.0574037865352,1.06107028747553,1.07328059221028,1.06456231615943,1.05435484491717,1.04881904306361,1.03677157793735,1.02632282536256,1.02421173529152,1.04652154276435,1.02483540206378,1.02231121730352,1.01479924341131
"72",1.01630598364838,1.01811093404656,1.01808608123592,1.03812285236814,1.05081206609427,1.05844354897956,1.06905782150799,1.05953981074234,1.06450875797876,1.05769261298543,1.06053859616014,1.05707785048803,1.04801402853161,1.03056459343839,1.03354255959168,1.04790968681933,1.04174152946022,1.03466830837276,1.03425365511066
"73",1.0411147279854,1.04196398533572,1.0451757739306,1.04715941578929,1.05542766100671,1.05231236259853,1.05762804209427,1.05920461515715,1.0611902294421,1.05927023989666,1.05738913016411,1.05673342002761,1.04268292730864,1.02260146888039,1.02995005591195,1.04122162031735,1.03762677731898,1.03577557707162,1.04530576514776
"74",1.06563956968073,1.07145747251333,1.07464966300405,1.06910750812034,1.07296962670719,1.05996959745196,1.04821409547947,1.05355028588241,1.04738943185198,1.05475673028763,1.04960875903024,1.0433755908956,1.05114638131064,1.05851389866577,1.03652047159428,1.04198117392254,1.03504152721998,1.03733075582672,1.04544485565035
"75",0.945191872611628,0.972978138574691,1.00519132029846,1.01489550326482,1.02984315737157,1.03392674756402,0.994332556774318,1.01478824254877,1.01518366149831,1.02945707503954,0.997888277397019,1.00378497882199,1.0123737240473,1.02045348226368,1.01261421895468,1.02445881233219,1.02550317091112,1.02102847937118,1.01291186578161
"76",0.957591140860991,0.965482357152867,0.974334095033237,0.986655887243475,0.995619323889619,1.00911559031,1.00726313717874,1.00721801791902,1.00897494871807,1.01566366381393,1.03472055492593,1.01845633033263,1.02360916831484,1.0296811100846,1.03694656759252,1.04361821728392,1.04533243755282,1.0260760715099,1.00034061072066
"77",1.04152244865428,1.02873673663321,1.01848370729916,1.0187454101987,0.99962377793772,0.98037486003226,1.01680738707516,1.01477040628391,0.996738727553745,1.00883648032859,1.02261641118528,1.0215492882529,0.999327449130586,0.998804650498988,1.00789805978214,1.00205057541785,1.02107839624381,1.02399663906403,1.01980296636924
"78",0.993079544065711,0.99833471442749,1.0032162177409,0.986397602093354,0.972318490784659,0.970687820446562,0.979248938079606,0.983747443938596,0.988990455362641,0.988190130845764,1.00011001994362,0.98827776336097,0.989396691834197,0.999047948508224,0.997781809617364,0.959490278854652,0.972755120231994,0.995396831377487,1.01480660858388
"79",0.993760601850413,1.00034233774993,0.999383304585772,0.993635361335503,0.980810493571736,0.988855020695066,0.983491920921608,0.984335167236539,0.999537451490517,0.992102198062741,1.00079635252583,1.00155428226985,0.967275665001054,0.951593534116917,0.973762799837479,0.982945570877207,0.975688320871586,0.958890381862055,0.973427793026139
"80",0.945840470112685,0.953604587358014,0.950970567692832,0.961260222001791,0.963172932744662,0.969874504943792,0.959477654974628,0.964806510050393,0.971968354191042,0.979621184766988,0.9855150793199,0.991656875516535,1.01611452246759,1.01878034096011,1.00839329295611,0.999063773456968,0.982192835039698,0.971500812598853,0.97201523114195
"81",0.958624445015344,0.96568808659828,0.957010533969144,0.952127353598001,0.982467798015122,0.983521020409701,0.973890976420512,0.9803707368792,0.97719792982578,0.983662028304455,0.969746634212424,0.98292488591458,0.991313554007437,0.981101003469999,0.982800270808382,0.984624921817367,0.986373232721705,0.996726237858358,0.989007252910574
"82",0.959471535835681,0.970663339685012,0.971303498185521,0.93490226762315,0.956322040001883,0.966992136934295,0.981462880108176,0.989612813518998,0.972400770489278,0.975877852773829,0.955626206236919,0.961043519041314,0.96367800039233,0.983775979789831,0.99268655638559,1.00443838397828,0.995547286175774,1.00252215087259,0.995728371553237
"83",0.947512386882009,0.941145461962539,0.947519514060031,0.96813305146458,0.944051411927424,0.955279124277976,0.958421110441366,0.954278291298345,0.960570799563336,0.964377737054685,0.964468264002493,0.956962096491317,0.948280923729687,0.953961374391482,0.961335867254853,0.981642223031505,0.99809165858455,0.965113655236108,0.979836293765129
"84",0.985019220037382,0.922682298495622,0.94248468819059,0.932746701539428,0.920352050349322,0.931653135997675,0.92055635874333,0.909430569388122,0.933046439243814,0.931237029576234,0.955374883913416,0.97394073950399,0.990094510473364,0.996172258894449,0.983150023763916,0.971221199452992,0.984275159922546,0.998370428096152,0.984406344400005
"85",1.02190326286595,1.01636838518219,0.993564867854636,0.987050557914072,0.991836082621385,0.983145136442283,0.980490565911492,0.978767141498273,0.983216173176207,0.973955191549051,0.983976674177364,0.977667819901662,0.978054718679623,0.980414509411552,0.976462060853387,0.98086484484474,0.968935295687204,0.97739832817869,0.963354610228381
"86",1.02240601956322,1.02550502169969,1.006461408753,1.00951791683788,1.01435299322255,0.952298041734747,0.934141269335443,0.940608815645309,0.945363118251361,0.952026698686306,0.955613152560024,0.973088436312365,0.963872486712642,0.972566360818498,0.965792000044958,0.967239384695883,0.957761077791082,0.933837068020138,0.940146245374203
"87",1.05839980796831,1.00197849255321,1.00222334210142,1.01224430178856,1.00836788451561,0.974438819552962,0.950525438373474,0.954513494138049,0.950924184852785,0.945322224679536,0.925233438246212,0.933484525039566,0.948013694289329,0.959205834095833,0.970571917311531,0.984513360437173,0.987501245635783,0.958889366341358,0.953373844969692
"88",1.0214010003756,1.01976711733083,1.02127564122058,1.02376251218161,0.978346554748232,0.9894752359262,0.994160862963415,0.986298113511399,0.97272769409528,0.945132635689862,0.945139740067664,0.937058503032933,0.936952802516268,0.938890059295642,0.906771202125154,0.920249363947367,0.943397704380668,0.971545821000357,0.958439258235996
"89",0.959754232222198,0.953599012302524,0.974495011802887,0.974774108658572,0.976441763524844,0.989423573721784,0.991240958945918,0.988825392436002,0.96326273371456,0.976881191588616,0.97268968793632,0.965970601175503,0.951811354155928,0.937084524315939,0.937365328488784,0.931400357669256,0.942313593913453,0.955527970707144,0.964470368630782
"90",0.910086498432289,0.929498002354366,0.925727542093765,0.940713210441938,0.959119192020849,0.975411689577868,0.989658366360772,0.964415323030497,0.97594841433389,0.976087268039072,0.979802617957411,0.975670922496613,0.990722377098925,0.984040911962869,0.960441427335909,0.940465022498272,0.93816794228102,0.938965259113394,0.935338924432524
"91",0.873768752518199,0.910344878875439,0.900451763203162,0.903977374403472,0.913076530452915,0.910302999671169,0.913451770517457,0.900183179602259,0.917231008077591,0.929242099256163,0.911412572441375,0.914588071052633,0.932264455068519,0.913605335965147,0.926720741920454,0.93812529179949,0.933060206727305,0.931872155665727,0.923791514814361
"92",0.776911996023814,0.824460167238573,0.838138325831636,0.837737305343015,0.85892068035266,0.868967482003523,0.892800508826319,0.905756105652409,0.915863653771555,0.913760268203907,0.923428202362677,0.917207264440707,0.923346294859876,0.923339207515101,0.918741748356874,0.910291589372288,0.88414900879189,0.896148737063128,0.931545693503778
"93",0.80237161210973,0.791522558869769,0.825329802291925,0.832689398991073,0.84619783261693,0.862282879075368,0.87919071135251,0.889440116213548,0.901210545818157,0.9057946391033,0.930164119341976,0.928790628538306,0.898718003526157,0.908871529750868,0.917565485944011,0.878390415022702,0.882629488771431,0.899084860413751,0.915965855056238
"94",0.875830946446848,0.849604434266373,0.832617686544844,0.838650104280447,0.847057310872342,0.864336905274984,0.874658119107571,0.868912219634863,0.877539721965877,0.88854260979389,0.896526598168754,0.907617371253386,0.900363882764295,0.901378248938518,0.903824756154066,0.899874139183459,0.889109724189331,0.894003789123158,0.899210042299621
"95",1.02240601956322,0.981930233365196,0.940696169113283,0.941577432346034,0.929471747511924,0.9207911105236,0.912624274851098,0.896195116567355,0.889025482221109,0.886348808183198,0.892142687064651,0.885377179822017,0.901717173509297,0.904353959716476,0.878055379885853,0.899833788054088,0.900878018056706,0.900280378899277,0.884454232976223
"96",0.8516698122046,0.877709078955501,0.895268874744928,0.872853424703888,0.880185786381177,0.884821846791221,0.884732860881369,0.912631641031855,0.908689728717322,0.908013774610914,0.910281616198425,0.911099132058705,0.919013342550131,0.91114061423426,0.896249577488601,0.912800507987618,0.93008773005788,0.93065088797806,0.880658739445674
"97",0.803160959490064,0.828265466766834,0.844513280190042,0.851549029082393,0.860894982256448,0.864378631058929,0.879302615940953,0.893112764131967,0.893368692288471,0.887202392067802,0.896772732922602,0.902266821892459,0.907114980732625,0.872024912683836,0.882569186687897,0.898332155829788,0.907761933997525,0.910371881189174,0.911817809205188
"98",0.779206027508136,0.7951555938036,0.788338050530951,0.797640851955743,0.792384475719855,0.787229815496464,0.8057745896817,0.818668256773983,0.822652495778807,0.814269403183897,0.811102223563798,0.832024309601419,0.845747414118295,0.869093861531709,0.881341927049966,0.883024349846845,0.891992173825988,0.896281673242899,0.917332652449872
"99",0.730793364711993,0.746180520887565,0.771558464229037,0.782983797256602,0.767207437159472,0.765817020665689,0.765374962696351,0.773928817747481,0.784499420341843,0.789266475176891,0.784250682577187,0.799296933781946,0.810992937063338,0.844070308388519,0.871824745030014,0.869861926910834,0.838799154717765,0.828708654250799,0.857924163198571
"100",0.95068663273421,0.904343290656264,0.844396155593787,0.832959642249132,0.782039424957458,0.802808148770602,0.773864005266772,0.775360475759763,0.77465808960576,0.78077082426803,0.780644891336965,0.787051277434069,0.77220868279411,0.793614740185435,0.815426620206512,0.824015068106189,0.808284387178368,0.806156205763359,0.829197867330504
"101",0.853516705833826,0.851759770978537,0.847054800892176,0.839521006256167,0.81689392648823,0.785901705071173,0.765770514336969,0.768046742501572,0.764804906824351,0.76239656390844,0.780895127546472,0.779266488902586,0.78188103804178,0.797807521677176,0.811099541764156,0.801483910342473,0.817867206843613,0.824331960342271,0.82927750420592
"102",0.879376470617891,0.877726074188506,0.872829872977551,0.864246624773216,0.877350980884135,0.869503087182518,0.852797348555439,0.834155486788472,0.818075328987881,0.821920967529193,0.818549184574214,0.809692692356294,0.808689583410214,0.785113010158946,0.79462246108111,0.784741675206539,0.801085041270058,0.815567903827345,0.819283678512798
"103",0.843485326990537,0.85028857098509,0.865925308360389,0.866608372358182,0.889766495024779,0.889129365343054,0.898545345274012,0.86102284985687,0.86352614763681,0.866700169112035,0.855532801978351,0.80847533131249,0.810558593901163,0.807631609392452,0.806531125497609,0.792269138056433,0.801383041316975,0.804675629765408,0.808367965150473
"104",0.843652073126149,0.839562566105757,0.847629277172113,0.844192573878515,0.862100734830236,0.874681312023517,0.894696209139855,0.911984364028471,0.891393685937302,0.866985005533521,0.840295750107429,0.837540722035335,0.829795298196996,0.79686156497843,0.786450602242147,0.804284637997624,0.81403074395457,0.816924528940628,0.813729605695682
"105",0.892383027105931,0.882434161441714,0.876359106516622,0.851868568741064,0.861877343968743,0.866697695204637,0.864612826956485,0.877096561543338,0.851790157998754,0.85791470739946,0.824151483348136,0.831242477370884,0.829591658134169,0.834164860043024,0.821757312111162,0.823524468653944,0.814104948727845,0.817313838051507,0.816002494647278
"106",0.965347979105643,0.910592993319338,0.894420848852009,0.91053795763131,0.90174827615964,0.887464006295316,0.853444795232388,0.860451766139216,0.851213341467853,0.855994013810754,0.862299117464122,0.866480382029696,0.865219945790877,0.840566191656356,0.817749104229835,0.826106201221213,0.826490618668971,0.814010403435797,0.79237554987359
"107",0.98968940203677,0.944764307758938,0.941223114728191,0.932073614467936,0.929164144997453,0.917460534091642,0.861282413491328,0.839722218820258,0.837714418002282,0.844584373271973,0.851906428721633,0.855674807781108,0.85971357569914,0.83656713841629,0.840170428195096,0.845421682937311,0.841437542538108,0.810639279758754,0.788255809903334
"108",0.977567573777866,0.940958934588165,0.937868742596839,0.945595921407295,0.949223978088071,0.900979501720989,0.909823469324471,0.898423667764028,0.910434375224954,0.889568277964298,0.849777825168834,0.847002798494831,0.854700532557795,0.846645116588421,0.841236042305085,0.851641603852172,0.841555306899243,0.844317026545613,0.830297582620331
"109",1.00190778971624,1.01275730293796,0.992765867596656,0.991982543181197,0.983363654433812,0.948428471603216,0.935428652517121,0.913822860042156,0.925703033590524,0.911405369146566,0.925935304417214,0.922843358841674,0.872032318402953,0.831259431304756,0.841386964807168,0.847407926463324,0.846810353849671,0.841846613260953,0.860451880045765
"110",0.806413586844775,0.840607464764635,0.868947034242942,0.871238602693591,0.89194058884124,0.909725324136448,0.924425397086596,0.924021925592152,0.921145134382155,0.931493661243886,0.948647403113796,0.929754670702297,0.901326697339397,0.89243491245427,0.8782816142707,0.861289214647156,0.855637906222138,0.854324296902848,0.84951494883814
"111",0.769910519918569,0.801025090839484,0.827242871194379,0.823910362976556,0.825071756769128,0.861958254129212,0.884604343425381,0.905329807295557,0.894509545115518,0.908393458305145,0.91700650501776,0.913894430615183,0.900198751849505,0.916546625215234,0.915404719342839,0.864904693196425,0.859441429692493,0.830897288381987,0.826893477793563
"112",0.831096637382703,0.832665668742762,0.820226522301954,0.803731563487207,0.808377079706907,0.834127676453883,0.85282460144359,0.873738212467412,0.88415933861872,0.891521156077334,0.879991789337029,0.884042745163029,0.88793982706269,0.916478120737978,0.903772671450071,0.860771569950406,0.854464469968086,0.863250052108236,0.854629239287004
"113",0.96563414945518,0.935235239086726,0.9008668331009,0.888106649228932,0.8763229213498,0.881433241353047,0.873392749262525,0.890561028447616,0.896237628981484,0.88951830500834,0.885460295813915,0.89318164310352,0.90903733044811,0.923631613283085,0.92459739905698,0.915219951990098,0.913930736578959,0.909954403255295,0.906552879594833
"114",0.990863875219566,0.946771605925651,0.899924426878413,0.919950103372261,0.918458155380439,0.913825312614923,0.883063339395734,0.873683842584582,0.879341663406402,0.846780938086228,0.856630982575057,0.850966063615155,0.85511518810113,0.878498316450814,0.883451386893365,0.902520880669865,0.912044061138264,0.902657020348385,0.884516643760908
"115",0.845072081566064,0.861123137541953,0.861218236967575,0.830889325422288,0.839098153725459,0.855528964545709,0.841183255308266,0.846347600748021,0.846632707250263,0.848779537651588,0.801011695266784,0.829664604603503,0.819394669545961,0.830385346500029,0.837484916603237,0.858605689629022,0.868748691288603,0.857426383092335,0.865075062339757
"116",0.894947854438545,0.887473316109338,0.906688475519332,0.890596857832254,0.880832376840159,0.873630337229873,0.890102620423346,0.868832140859177,0.871842800287662,0.825035519990028,0.82073857915725,0.771177586028192,0.756720246382629,0.766443317775804,0.791762017163016,0.81529409170383,0.829943209868395,0.841833119317885,0.852777715192912
"117",0.895746835758845,0.928032487956921,0.934843742521791,0.938396475859423,0.931788020006545,0.901721722926653,0.877946797934439,0.872232541441962,0.884802419763594,0.855539168172423,0.843912915690677,0.823884554870565,0.843637517606093,0.817312476704453,0.805193011799028,0.818050798413517,0.825185048079495,0.801683186600333,0.820425437474576
"118",0.920287844957717,0.916726599348488,0.931624905089664,0.94832760758801,0.935682166483532,0.896074537121151,0.911529154914329,0.888022429304272,0.891908595734152,0.901638997719089,0.909676184647274,0.907653777657877,0.905679398874284,0.880552127646185,0.882427993691697,0.873073317242492,0.863916140398345,0.86144412930772,0.871730652340085
"119",0.920379143355034,0.87524477088762,0.889098897018022,0.918998581142442,0.927917767207772,0.867629904099148,0.881780688599182,0.867588037982139,0.877846101840608,0.890349887137949,0.907352958915723,0.904227048652057,0.870923801627928,0.85367895974732,0.83965306106527,0.849517266410313,0.82667907112918,0.854456809954444,0.859804776233764
"120",0.993418154493382,0.949342144455658,0.938671322427938,0.934324675022015,0.939514884388706,0.926972028052962,0.936046626185634,0.89457190332176,0.885623658370257,0.885779348393927,0.884438193551517,0.896165790528447,0.852389897853043,0.879488682167546,0.863192776135367,0.849971207729067,0.799462435080293,0.802443134160969,0.800260740752245
"121",1.00528389128713,1.01702336220814,0.994786859137741,0.977746313748825,0.956868082599835,0.975478210585669,0.96858173715045,0.9862772458875,0.95338569872309,0.944956412069005,0.958079020672423,0.921461585790868,0.930121553719991,0.934798514687813,0.898588592899021,0.840981485486343,0.822315848938852,0.845784227250702,0.82571070127011
"122",1.00498508501805,1.01600820297226,1.01825451696447,1.01521112332171,1.004224743363,1.02935852612142,0.992896452497602,1.01431914887957,1.00323286865101,1.00495131831212,1.00010259639647,0.992157286845577,1.00050487105338,0.959160633576218,0.947809068265912,0.918503125027395,0.893025717966331,0.89442473137195,0.86150511414935
"123",0.992041139229727,0.978829530226671,0.979673496077039,0.986534271974069,0.991056997384306,1.00019624638161,0.965126068311468,0.973380576117856,0.987912602285363,0.99477349718157,0.980027897110972,0.993148444258523,1.0024638335863,0.994879231703326,0.99414883091461,0.985259166280072,0.990900424918899,0.958154618071476,0.913753167761356
